<?xml version="1.0" encoding="UTF-8" standalone="yes"?>
<addon id="plugin.video.mlbtv" name="MLB.TV®" version="2025.6.19+matrix.1" provider-name="eracknaphobia, tonywagner">
    <requires>
        <import addon="xbmc.python" version="3.0.0"/>
        <import addon="script.module.pytz" />
        <import addon="script.module.beautifulsoup4" />
        <import addon="script.module.requests" />
        <import addon="inputstream.adaptive"/>
        <import addon="script.module.kodi-six" />
        <import addon="script.module.dateutil" />
    </requires>
    <extension point="xbmc.python.pluginsource" library="main.py">
        <provides>video</provides>
    </extension>
    <extension point="xbmc.service" library="service.py" />
    <extension point="xbmc.addon.metadata">
        <platform>all</platform>
        <summary lang="en_GB">Watch live and archived games
        </summary>
        <description lang="en_GB">Watch every out-of-market regular season game in the office or on the go. The #1 LIVE
            Streaming Sports Service
        </description>
        <disclaimer lang="en_GB">Requires an MLB.tv account</disclaimer>
        <news>
            - updated Big Inning schedule
        </news>
        <language>en</language>
        <platform>all</platform>
        <license>GPL-2.0-or-later</license>
        <forum>https://forum.kodi.tv/showthread.php?tid=262745</forum>
        <website>https://www.mlb.com/live-stream-games</website>
        <source>https://github.com/eracknaphobia/plugin.video.mlbtv</source>
        <assets>
            <icon>icon.png</icon>
            <fanart>fanart.jpg</fanart>
        </assets>
    </extension>
</addon>
